name,smiles,charge
Coronene,C1=CC2=CC=C3C=CC4=CC=C5C=CC6=CC=C1C1=C6C5=C4C3=C21,0
Benzo[ghi]perylene,C1=CC=2C=3C4=C1C=CC1=CC=CC(C5=CC=CC(=CC2)C35)=C14,0
Benzene,C1=CC=CC=C1,0
Naphthalene,C12=CC=CC=C1C=CC=C2,0
Anthracene,C12=CC=CC=C1C=C3C(C=CC=C3)=C2,0
Naphthacene,C1=CC=CC2=CC3=CC4=CC=CC=C4C=C3C=C12,0
Pentacene,C1=CC=CC2=CC3=CC4=CC5=CC=CC=C5C=C4C=C3C=C12,0
Hexacene,C1=CC=CC2=CC3=CC4=CC5=CC6=CC=CC=C6C=C5C=C4C=C3C=C12,0
Heptacene,C1=CC=C2C=C3C=C4C=C5C=C6C=C7C=CC=CC7=CC6=CC5=CC4=CC3=CC2=C1,0
Phenanthrene,C1=CC=CC=2C3=CC=CC=C3C=CC12,0
Pyrene,C1=CC=C2C=CC3=CC=CC4=CC=C1C2=C34,0
Chrysene,C1=CC=CC=2C3=CC=C4C=CC=CC4=C3C=CC12,0
Triphenylene,C1=CC=CC=2C3=CC=CC=C3C3=CC=CC=C3C12,0
Benz[a]anthracene,C1=CC=CC=2C1=C1C=C3C=CC=CC3=CC1=CC2,0
Benzo[a]pyrene,C1=CC=C2C=CC=3C=C4C(=C5C=CC1=C2C53)C=CC=C4,0
Benzo[e]pyrene,C1=CC=C2C=CC=3C=CC=C4C5=C(C1=C2C43)C=CC=C5,0
Perylene,C1=CC=C2C=CC=C3C4=CC=CC5=CC=CC(C1=C23)=C45,0
"Dibenz[a,h]anthracene",C1=CC=CC=2C1=C1C=C3C=CC4=C(C3=CC1=CC2)C=CC=C4,0
"Dibenz[a,j]anthracene",C1=CC=C2C(=C1)C=CC3=CC4=C(C=C32)C5=CC=CC=C5C=C4,0
Benzo[a]naphthacene,C1=CC=C2C(=C1)C=CC3=CC4=CC5=CC=CC=C5C=C4C=C32,0
Pentaphene,C1=CC=C2C=C3C(=CC2=C1)C=CC4=CC5=CC=CC=C5C=C43,0
"Dibenz[a,c]anthracene",C1=CC=C2C=C3C4=CC=CC=C4C5=CC=CC=C5C3=CC2=C1,0
Picene,C1=CC=CC2=CC=C3C4=CC=C5C=CC=CC5=C4C=CC3=C21,0
Benzo[b]chrysene,C1=CC=C2C(=C1)C=CC3=C2C=CC4=CC5=CC=CC=C5C=C43,0
"Dibenzo[fg,op]naphthacene",C1=CC=C2C3=C1C1=CC=CC=C1C=1C3=C(C=3C=CC=CC23)C=CC1,0
"Naphtho[1,2,3,4-def]chrysene",C1=CC=C2C3=C4C(=CC2=C1)C5=CC=CC=C5C6=CC=CC(=C64)C=C3,0
"Tetrabenz[a,c,h,j]anthracene",C1=CC=C2C(=C1)C3=CC=CC=C3C4=CC5=C(C=C24)C6=CC=CC=C6C7=CC=CC=C75,0
Anthanthrene,C1=C2C=C3C=4C=5C(=CC=CC5C=C5C4C2=C(C=C1)C=C5)C=C3,0
29,C12=CC=C3C4=C5C6=C7C8=C(C(C=CC8=CC=C7C=C5C=C3)=CC=C9C=C%10C=C2)C9=C6C%10=C14,0
30,C12=CC=C3C4=C(C(C=C3)=CC5=C6)C7=C5C8=C(C9=C%10C%11=C8C6=CC=C%11C=CC%10=CC=C9C=C%12C=C%13C=C2)C%12=C7C%13=C14,0
31,C12=CC=C3C4=C(C(C=C3)=CC5=C6)C7=C5C8=C(C9=C%10C%11=C8C6=CC%12=C%11C%13=C(C=C%12)C=CC%14=CC=C(C%10=C%13%14)C=C9C=C%15C=C%16C=C2)C%15=C7C%16=C14,0
32,C1(C2=CC=CC3=C2C4=C5C6=CC=CC5=C3)=CC=CC7=CC8=CC=CC6=C8C4=C17,0
33,C1(C2=CC=CC3=C2C4=C5C6=C(C(C7=CC=C8)=CC=C9)C9=CC5=C3)=CC=CC%10=CC%11=CC8=C7C6=C%11C4=C1%10,0
34,C1(C2=CC=CC3=C2C4=C5C6=C(C(C7=C(C8=CC=C9)C9=C%10)=C(C8=CC=C%11)C%11=C%12)C%12=CC5=C3)=CC=CC%13=CC%14=CC%10=C7C6=C%14C4=C1%13,0
35,C12=C3C(C4=CC=C5)=CC=CC3=C6C7=C1C8=C9C(C7=CC=C6)=CC=CC9=C%10C%11=C8C%12=C%13C(C%11=CC=C%10)=CC=CC%13=C5C4=C2%12,0
36,C12=C(C3=CC=CC=C34)C5=CC=CC=C5C6=C1C7=C(C8=CC=CC=C86)C9=CC=CC=C9C%10=C7C%11=C(C%12=CC=CC=C%12%10)C%13=CC=CC=C%13C4=C2%11,0
37,C12=C(C3=C4C=CC5=C36)C7=C(C(C=CC7=C4)=C8)C9=C1C%10=C(C%11=C%12C=CC8=C%119)C%13=C(C(C=CC%13=C%12)=C%14)C%15=C%10C%16=C(C%17=C%18C=CC%14=C%17%15)C%19=C(C(C=CC%19=C%18)=C5)C6=C2%16,0
38,C1(C=C2C(C(C=CC2=C3)=C4)=CC5=C4C=CC6=CC7=C(C=C56)C(C(C=C7)=C8)=CC9=C8C=CC%10=C%11)=C3C=CC%12=C1C=C%13C(C=C9%10)=C%11C=CC%13=C%12,0
39,C12=CC=C3C4=C(C(C(C3=CC=C5)=C5C6=C7C8=C9C=C6)=C7C%10=C%11C8=C(C=C9)C%12=CC=C%13)C%14=C%10C%15=C(C%16=C%17C%18=C%15C%11=C%12C%13=C%18C=CC%17=C%19C%20=C%16C%21=C%22C%23=C%24C%25=C(C%26=CC=C(C=C%27)C(C%21=C%27C%20=CC=C%19)=C%26%23)C=CC=C2%25)C%22=C%14C%24=C14,0
40,c1(c2c(c3c4c5c67)c8c5c9c%10c7c%11c%12c%13c%14c%15c%16c%17c%18c%19c%20c%21c%22c%23c%24c%25c%26c%27c%28c%29c%30c%31c1c3c%32c%30c%27c%33c%25c%22c%34c%35c%33c%32c4c(c%35%36)c6c%12c%15c%36c%17c%34%20)c%37ccc2cc8cc9ccc%10cc%11cc%13ccc%14cc%16cc%18ccc%19cc%21cc%23ccc%24cc%26cc%28ccc%29cc%31c%37,0
41,C12=C(C=C3)C=C4C=C5C6=C7C8=C9C=C(C(C8=C%10C=C7C=C5)=C(C%11=C%10)C%12=C(C=C%11)C=C%13C=C%14C=CC%15=C%16)C%17=C%12C%13=C%18C%14=C%15C%19=C(C%18=C%17)C=C(C(C%19=C%16C=C%20C=C%21)=C%20C%22=C%21C=C%23C=C%24C%25=C%26C%23=C%27%22)C%27=CC%26=C%28C%29=C%25C(C=C%24)=CC%30=CC3=C1C(C(C%31=CC9=C6C4=C%312)=C%28)=C%29%30,0
